n1,n2,MW_U,MW_p,BM_stat,BM_p,KS_D,KS_p,Cliffs_delta,Rank_biserial,x_median,y_median,x_mean,y_mean,x_sem,y_sem,feature,MW_p_adj
41,42,942.0,0.4634049290760057,-0.723330219620422,0.4718898728593407,0.20963995354239257,0.25539623595073335,0.09407665505226481,-0.0940766550522647,-50.9080810546875,-50.96678434692542,-50.87533048304116,-51.003154954461,0.08219452029661853,0.1122757164738215,threshold_v,0.7119165842055426
41,42,782.0,0.47461105613702836,0.7138096884361277,0.47751287261359876,0.15040650406504066,0.6719067001373883,-0.09175377468060394,0.09175377468060397,-40.577880859375,-40.099097035364025,-40.870403010670735,-40.281365960597,0.7540014400501647,0.6664140950735582,upstroke_v,0.7119165842055426
41,42,879.0,0.873356348480577,-0.16246916377653184,0.871341981978912,0.09523809523809523,0.973127219959814,0.020905923344947737,-0.020905923344947785,14.231689453125,14.333382056243266,14.154651176638719,14.155582641138656,0.23772542611266698,0.21375470770557276,peak_v,0.873356348480577
41,42,916.0,0.6196110843297236,-0.4976535643977208,0.6200900851059887,0.12369337979094076,0.8602606350610849,0.06387921022067364,-0.06387921022067355,-22.4046630859375,-22.661333029648624,-22.614192311356707,-22.95067661840739,0.509802821238613,0.4952209322399981,downstroke_v,0.7435333011956683
41,42,693.0,0.12709405883848904,1.5379542085415714,0.1283712228652957,0.3077816492450639,0.0249255751050205,-0.1951219512195122,0.19512195121951215,-54.0361328125,-53.885614124433516,-54.10423911490091,-53.822245472611975,0.11353932792216613,0.13656866431370535,trough_v,0.7119165842055426
41,42,768.0,0.39948158824812363,0.813438099000999,0.41925962445716447,0.28281068524970965,0.04903068535582267,-0.10801393728222997,0.10801393728222997,-52.2203369140625,-52.144814954969206,-52.23373487519055,-52.108493044283286,0.07409043630450067,0.11997558417684127,adp_v,0.7119165842055426
