n1,n2,MW_U,MW_p,BM_stat,BM_p,KS_D,KS_p,Cliffs_delta,Rank_biserial,x_median,y_median,x_mean,y_mean,x_sem,y_sem,feature,MW_p_adj
168,170,14595.0,0.72623824137356,-0.3495617407099445,0.726891603209361,0.07030812324929972,0.7547416732928324,0.022058823529411766,-0.022058823529411686,-76.83880615234375,-76.79915125468233,-76.6802237374442,-76.72124046470653,0.10259578081028205,0.12485018652064175,threshold_v,0.871485889648272
168,170,14995.0,0.4263482915116952,-0.7935989351397861,0.4280002200761105,0.10315126050420168,0.3012519552086957,0.050070028011204484,-0.050070028011204526,-75.137451171875,-75.26019155334727,-74.6543470110212,-74.77993463691733,0.1618363517672335,0.17591290704662157,upstroke_v,0.871485889648272
168,170,13946.0,0.710424556676269,0.3711370584592111,0.7107695133762344,0.054901960784313725,0.9436130178824357,-0.02338935574229692,0.023389355742296947,-8.44891357421875,-8.266005184993634,-9.371797834123884,-9.256208315192477,0.2939097341797346,0.2935631138603866,peak_v,0.871485889648272
168,170,14157.0,0.8915213835892897,0.13648946251478547,0.8915166338880419,0.05630252100840336,0.9305713616939552,-0.008613445378151261,0.00861344537815123,-64.90643310546875,-64.36756008983258,-64.24058678036644,-64.2095231010802,0.2664822334833561,0.2562377975576245,downstroke_v,0.8915213835892897
168,170,15388.0,0.2175824939650327,-1.2314634398796962,0.21903252261923667,0.130812324929972,0.0979834055189728,0.07759103641456583,-0.07759103641456577,-78.53253173828125,-78.86999301130986,-78.85033235095796,-79.20480705484714,0.1830796556786629,0.20837383717500121,trough_v,0.871485889648272
168,170,14872.0,0.510204559955709,-0.6545239688877479,0.5132532601721183,0.11029411764705882,0.22915804559972464,0.04145658263305322,-0.041456582633053296,-76.43826293945312,-76.55063634933443,-76.49920726957775,-76.61980337421842,0.08622170141108254,0.11167547326081168,adp_v,0.871485889648272
