n1,n2,MW_U,MW_p,BM_stat,BM_p,KS_D,KS_p,Cliffs_delta,Rank_biserial,x_median,y_median,x_mean,y_mean,x_sem,y_sem,feature,MW_p_adj
75,77,3197.0,0.25479595020353785,-1.1339144412000048,0.25883750720001086,0.16225108225108226,0.23604864625942223,0.10718614718614719,-0.10718614718614727,-52.0232470703125,-52.20283205499685,-52.01592285156251,-52.11970359867318,0.059906681003396994,0.08695289185423322,threshold_v,0.4689107574280973
75,77,2613.0,0.3126071716187315,1.011431067951186,0.31344460773246374,0.13246753246753246,0.46377420195765956,-0.09506493506493506,0.09506493506493507,-46.667412109375,-45.736473633224264,-46.019422200520836,-45.5971078108642,0.3053638234038112,0.30667815719861413,upstroke_v,0.4689107574280973
75,77,3200.0,0.2502200871097745,-1.1553288154165071,0.24979346595175128,0.12588744588744588,0.5240980025334365,0.10822510822510822,-0.10822510822510822,4.2206494140625,4.107975738751262,4.270291341145834,4.106757484138638,0.10823758402757372,0.10770414926609359,peak_v,0.4689107574280973
75,77,2774.0,0.6770908472960646,0.41627219527411974,0.677812238321741,0.0774025974025974,0.9535330460213277,-0.039307359307359305,0.03930735930735929,-30.187919921875,-30.148696359194965,-29.98304524739584,-29.84507848310956,0.23828374701454375,0.22913656729286438,downstroke_v,0.6770908472960646
75,77,2612.0,0.3108378019173791,0.9868291264247964,0.3258727964177729,0.25662337662337664,0.010253278090046601,-0.0954112554112554,0.09541125541125539,-55.7158740234375,-55.688461635272176,-55.752291666666665,-55.61786905267558,0.053548648395207045,0.0977155629131616,trough_v,0.4689107574280973
75,77,3030.0,0.6007569216037197,-0.5177005134304056,0.6054324976283365,0.1703896103896104,0.18784668166171203,0.04935064935064935,-0.049350649350649256,-53.249036458333336,-53.59347315909923,-53.451673177083336,-53.52173722789228,0.08606944264066803,0.10021305868531831,adp_v,0.6770908472960646
