n1,n2,MW_U,MW_p,BM_stat,BM_p,KS_D,KS_p,Cliffs_delta,Rank_biserial,x_median,y_median,x_mean,y_mean,x_sem,y_sem,feature,MW_p_adj
69,70,2623.0,0.3820464341483937,-0.8661094941525554,0.3881383587085183,0.16956521739130434,0.21972787728789162,0.08612836438923395,-0.08612836438923388,-42.724609375,-42.83682798556065,-42.72814764492754,-42.823207279103734,0.06371938485724932,0.08522742135621818,threshold_v,0.9915971232667148
69,70,2309.0,0.6567283559439725,0.44244403220045486,0.6588667635238061,0.13706004140786748,0.47160340281704066,-0.04389233954451346,0.04389233954451344,-36.4532470703125,-36.023151995660385,-36.6447559301404,-36.516736473622295,0.263064927661695,0.2721396157597215,upstroke_v,0.9915971232667148
69,70,2897.0,0.0425113066938643,-2.063366996789007,0.040972554873822446,0.20993788819875778,0.07426360190946207,0.19958592132505176,-0.1995859213250517,2.1820068359375,1.780062813733302,2.0807238592617754,1.8665053664378124,0.07324430878791269,0.07987472792244193,peak_v,0.2550678401631858
69,70,2412.0,0.9915971232667148,0.012551438083493785,0.9900041232193335,0.07846790890269151,0.9646043747087618,-0.0012422360248447205,0.001242236024844745,-24.169921875,-23.941088667696597,-23.878678031589676,-23.901533965121708,0.2134640394531767,0.19936205298136134,downstroke_v,0.9915971232667148
69,70,2401.0,0.9546467591482853,0.05754813110420123,0.9542107098963757,0.21366459627329193,0.06322062691868673,-0.005797101449275362,0.005797101449275366,-45.166015625,-45.217053117461234,-45.1797264209692,-45.17471720513621,0.047558659935770776,0.07832407191112678,trough_v,0.9915971232667148
69,70,2374.0,0.8645281294082906,0.1711264758473873,0.8643876738231524,0.14244306418219463,0.4110607313953604,-0.016977225672877846,0.01697722567287785,-43.5791015625,-43.60695640207946,-43.56107850005661,-43.50015373793103,0.07699238129501916,0.09839708433706783,adp_v,0.9915971232667148
