n1,n2,MW_U,MW_p,BM_stat,BM_p,KS_D,KS_p,Cliffs_delta,Rank_biserial,x_median,y_median,x_mean,y_mean,x_sem,y_sem,feature,MW_p_adj
42,43,1028.0,0.2737828862621078,-1.0591200983074907,0.29394616657120287,0.2763012181616833,0.05338203514534871,0.13842746400885936,-0.1384274640088594,-65.1725146484375,-65.40837345321549,-65.1725146484375,-65.29673899022315,0.07079507937027774,0.12485829838798164,threshold_v,0.4933926904827269
42,43,830.0,0.5239497734853502,0.6331112578856203,0.528446487740278,0.17552602436323367,0.46142683297631903,-0.08084163898117387,0.08084163898117391,-61.27389404296875,-60.678330453913276,-60.68606735956101,-60.332284259247466,0.3580937527373438,0.39065116994195126,upstroke_v,0.5239497734853502
42,43,799.0,0.3629440952801881,0.9130340303073298,0.36387447542300544,0.15503875968992248,0.6053813115472831,-0.11517165005537099,0.115171650055371,3.4081127929687494,3.9726893096663707,3.541808849516369,3.7383380120747725,0.13204166791180738,0.1320044187418963,peak_v,0.4933926904827269
42,43,997.0,0.41116057540227235,-0.8228034490492638,0.41298070011688515,0.15171650055370986,0.6388556210428439,0.10409745293466224,-0.10409745293466233,-44.37478515625,-46.370449274439416,-44.63273135230655,-45.404751757330516,0.6266097341932994,0.638481699620763,downstroke_v,0.4933926904827269
42,43,755.0,0.19473358629229032,1.1689982220559512,0.2486156408929748,0.41805094130675524,0.0005413386995114883,-0.1638981173864895,0.16389811738648952,-67.964873046875,-67.82263865637044,-67.99103097098214,-67.89220158578377,0.031777685697640376,0.11256660374723221,trough_v,0.4933926904827269
42,43,629.0,0.016212844471114655,2.4185862902785065,0.018921771082172332,0.3947951273532669,0.0013207217630333175,-0.3034330011074197,0.30343300110741966,-65.52728149414062,-65.2042947822466,-65.70057774135044,-65.386567949926,0.07754205089176754,0.13960188935571388,adp_v,0.09727706682668794
