n1,n2,MW_U,MW_p,BM_stat,BM_p,KS_D,KS_p,Cliffs_delta,Rank_biserial,x_median,y_median,x_mean,y_mean,x_sem,y_sem,feature,MW_p_adj
83,85,3349.0,0.572265303103822,0.5561854053319569,0.5789371830884729,0.20949681077250176,0.04098846471373137,-0.05060240963855422,0.050602409638554224,-52.532447814941406,-52.62167799499657,-52.58318788459502,-52.543769689599785,0.05472338392136965,0.07401482543150023,threshold_v,0.858397954655733
83,85,3486.0,0.89650922602585,0.13103309676388153,0.8959080328585439,0.06973777462792345,0.9712395685180459,-0.011764705882352941,0.0117647058823529,-47.283424377441406,-47.2217343502329,-46.72804122373282,-46.69935157696927,0.2511513190381364,0.2487425483768436,upstroke_v,0.89650922602585
83,85,3483.0,0.8889822281642337,0.14016517296892983,0.8887042072072459,0.07101346562721474,0.9669289436904781,-0.01261516654854713,0.012615166548547108,-2.4073243141174316,-2.3174173404586647,-2.4584320654352028,-2.449631627585371,0.07388454813780168,0.06345244090324549,peak_v,0.89650922602585
83,85,3017.0,0.10566874472702621,1.6358250790409576,0.1037860633257465,0.148830616583983,0.27153400722009763,-0.14472005669737775,0.14472005669737775,-33.199562072753906,-32.541351923354,-33.17933893778238,-32.75772497046662,0.1831601177297701,0.1767445827144106,downstroke_v,0.6340124683621573
83,85,3878.0,0.2668273107595134,-1.0543528643491682,0.2940837959973714,0.281218993621545,0.0019575545261929666,0.09936215450035436,-0.09936215450035446,-55.080665588378906,-55.21406767099015,-55.07294427343162,-55.17802789228668,0.04176488277831628,0.08188028774362512,trough_v,0.8004819322785401
83,85,3786.0,0.4130628109767629,-0.8033602989692588,0.4231931546358306,0.17562012756909992,0.12623352872808874,0.07328136073706591,-0.07328136073706593,-53.234352111816406,-53.27735518276131,-53.22552775187665,-53.290774035939435,0.05434906067206774,0.08662154666347664,adp_v,0.8261256219535258
