n1,n2,MW_U,MW_p,BM_stat,BM_p,KS_D,KS_p,Cliffs_delta,Rank_biserial,x_median,y_median,x_mean,y_mean,x_sem,y_sem,feature,MW_p_adj
43,44,1151.0,0.08250184319618745,-1.6774046851358697,0.09924663978075553,0.33879492600422834,0.007894711147366017,0.2167019027484144,-0.21670190274841428,-61.48200607299805,-61.96549873597829,-61.5909467297931,-61.88200277036489,0.0660380108233187,0.13259886836600898,threshold_v,0.4800167031944087
43,44,780.0,0.16000556773146957,1.4168212708831056,0.16019468973343318,0.2219873150105708,0.18367558972250683,-0.17547568710359407,0.17547568710359407,-56.08039474487305,-54.332758182861504,-55.69537646271462,-54.77625321078055,0.44267785921355496,0.4564199773887272,upstroke_v,0.4800167031944087
43,44,918.0,0.8153980201892115,0.2359450396775015,0.8140460879427243,0.07293868921775898,0.9986859495827644,-0.02959830866807611,0.029598308668076112,3.856127977371216,3.935768695979258,3.7258958927420682,3.784457688048043,0.11082927489474485,0.0986008573704538,peak_v,0.8153980201892116
43,44,1035.0,0.4524424668042393,-0.7518165545014368,0.45424005758780206,0.14534883720930233,0.6818739583553056,0.09408033826638477,-0.09408033826638484,-36.70173263549805,-36.924679660350776,-36.370297542838166,-36.79385900058591,0.34346037857928996,0.3559870335848216,downstroke_v,0.5429309601650871
43,44,841.0,0.3749611108412727,0.8471265516680739,0.4005982111360682,0.3181818181818182,0.015468401480485035,-0.1109936575052854,0.11099365750528545,-64.80842590332031,-64.70239402832661,-64.81871671454851,-64.73315039240796,0.05343947667030323,0.11406734633228736,trough_v,0.5429309601650871
43,44,1059.0,0.3395179775769076,-0.9015812319295458,0.3711660902278032,0.3609936575052854,0.0037876337722795904,0.11945031712473574,-0.11945031712473564,-63.26728439331055,-63.541187206182954,-63.27047844820245,-63.443814357860795,0.08002762160476223,0.13802642243595512,adp_v,0.5429309601650871
