n1,n2,MW_U,MW_p,BM_stat,BM_p,KS_D,KS_p,Cliffs_delta,Rank_biserial,x_median,y_median,x_mean,y_mean,x_sem,y_sem,feature,MW_p_adj
59,60,1741.0,0.8795948753199525,0.1458667913697551,0.8844066438700284,0.2327683615819209,0.05849159492073721,-0.01638418079096045,0.01638418079096049,-61.00898361206055,-60.99201120800453,-61.08320856902559,-61.08039756568782,0.05229956024469096,0.1112308153321252,threshold_v,0.9682029368043753
59,60,1778.0,0.9682029368043753,-0.04222484684860447,0.966391724779961,0.0827683615819209,0.9671818215889717,0.004519774011299435,-0.004519774011299438,-56.38557052612305,-56.30679425298287,-55.65883836907855,-55.6656082027569,0.3161847299276527,0.33323627284022433,upstroke_v,0.9682029368043753
59,60,1944.0,0.3564356234908258,-0.9199558382094958,0.3596079011771235,0.15593220338983052,0.41816670588812194,0.09830508474576272,-0.09830508474576272,3.886645555496216,3.7458331419606763,3.802334187394482,3.718726443163887,0.08054140433503865,0.06492622748605383,peak_v,0.7128712469816515
59,60,1872.0,0.589563078218704,-0.5386969743849612,0.5911194485987987,0.12429378531073447,0.686273033594369,0.0576271186440678,-0.057627118644067776,-36.25922775268555,-36.60844278172729,-35.9111204632258,-36.107998588995585,0.2949332932720238,0.2930251899186876,downstroke_v,0.884344617328056
59,60,1486.0,0.13184157234644905,1.3897131504542581,0.16920932759685067,0.3483050847457627,0.0007792422736371932,-0.16045197740112993,0.16045197740112993,-64.28962707519531,-63.96644249218488,-64.27022946891138,-64.11410947679289,0.04694303939541472,0.11387030044655606,trough_v,0.39552471703934716
59,60,1364.0,0.03114194529337052,2.1971163727444294,0.030129816949676716,0.24378531073446327,0.046660870723173625,-0.22937853107344633,0.2293785310734463,-62.65693283081055,-62.171325272877276,-62.56680252592442,-62.22881895963461,0.09957724762787608,0.12453967245262641,adp_v,0.1868516717602231
