n1,n2,MW_U,MW_p,BM_stat,BM_p,KS_D,KS_p,Cliffs_delta,Rank_biserial,x_median,y_median,x_mean,y_mean,x_sem,y_sem,feature,MW_p_adj
49,50,1246.0,0.8859077004243051,-0.13654891081740114,0.8918458286804004,0.2595918367346939,0.05029668596907294,0.017142857142857144,-0.017142857142857126,-61.25910568237305,-61.23111852795327,-61.269382009700855,-61.32858350332662,0.05930669928216991,0.12507786135435442,threshold_v,0.8859077004243051
49,50,1356.0,0.361078172646328,-0.915351962152739,0.3622784050102188,0.15877551020408162,0.47323155696195135,0.10693877551020409,-0.10693877551020403,-54.83515548706055,-55.391019734500055,-54.26030396442024,-54.87370270400914,0.4111248483350368,0.3615588497982896,upstroke_v,0.7594991802893117
49,50,1178.0,0.7448471283291518,0.3259596920733707,0.7451630127535425,0.13142857142857142,0.7166468440414824,-0.03836734693877551,0.038367346938775526,2.3547849655151367,2.4735842007429643,2.3918420246669223,2.3981839725366907,0.09765122199576479,0.10140641502716334,peak_v,0.8859077004243051
49,50,1139.0,0.5495882743413938,0.5955268777038882,0.5529165447626168,0.1742857142857143,0.3712804192718852,-0.07020408163265306,0.07020408163265301,-34.09846115112305,-33.42709135675947,-33.99133822382713,-33.800387548782425,0.2690098073303804,0.2937149006158534,downstroke_v,0.8243824115120907
49,50,1099.0,0.3797495901446558,0.812467366242923,0.4198756040008572,0.38,0.0008153752052781732,-0.10285714285714286,0.10285714285714287,-63.92939376831055,-63.91350312639309,-64.0159656758211,-63.93364278269308,0.05385706052350584,0.12882333726185125,trough_v,0.7594991802893117
49,50,1067.0,0.27031303074498936,1.0339399279016526,0.30514377782998636,0.33755102040816326,0.0040734759802535355,-0.12897959183673469,0.12897959183673469,-62.58662033081055,-62.303054866685784,-62.54068826169384,-62.407931835538605,0.06430354582447356,0.1379301876740755,adp_v,0.7594991802893117
