n1,n2,MW_U,MW_p,BM_stat,BM_p,KS_D,KS_p,Cliffs_delta,Rank_biserial,x_median,y_median,x_mean,y_mean,x_sem,y_sem,feature,MW_p_adj
67,68,2259.0,0.9351109253909914,0.08249453750134801,0.9343791106408896,0.1237928007023705,0.6221940666130608,-0.008340649692712906,0.008340649692712865,-56.61418151855469,-56.506850089994366,-56.66906761055562,-56.650460542520214,0.10877806811321913,0.13234205981013192,threshold_v,0.9912218873563715
67,68,2146.0,0.5627873363025799,0.5768433468609393,0.565029388917272,0.11325724319578578,0.7137922338529785,-0.05794556628621598,0.057945566286215944,-54.98149108886719,-54.95099956785562,-55.01360286883454,-54.886279784653716,0.13336582397128702,0.14431836892586022,upstroke_v,0.9912218873563715
67,68,2125.0,0.5021367566181563,0.6710766055714495,0.503336371642868,0.12796312554872696,0.5691125608835199,-0.06716417910447761,0.06716417910447758,9.715774536132812,9.859464440388123,9.786830389677588,9.952860106550128,0.1540961538749066,0.15454877836998768,peak_v,0.9912218873563715
67,68,2281.0,0.9912218873563716,-0.01313047655959687,0.9895434068892051,0.06321334503950835,0.9970202179120398,0.0013169446883230904,-0.0013169446883229963,-46.60441589355469,-46.76778113683117,-45.52696319124592,-45.54461632618734,0.43104109652353023,0.42009293711605206,downstroke_v,0.9912218873563715
67,68,2607.0,0.1482611089693019,-1.4201838033780128,0.15863297966028328,0.23507462686567165,0.03520402479354837,0.14442493415276558,-0.1444249341527657,-63.83158874511719,-63.92465732152832,-63.76508775397913,-63.907540107154986,0.05393742580575417,0.09309176794470593,trough_v,0.8895666538158113
67,68,2296.0,0.9386112408528859,-0.07577789674349338,0.9397528583149584,0.23397717295873574,0.035658412826672724,0.007901668129938543,-0.007901668129938644,-61.28337097167969,-61.25386873962569,-61.18020333816756,-61.12934239284351,0.06633164623669531,0.11170215984982464,adp_v,0.9912218873563715
