n1,n2,MW_U,MW_p,BM_stat,BM_p,KS_D,KS_p,Cliffs_delta,Rank_biserial,x_median,y_median,x_mean,y_mean,x_sem,y_sem,feature,MW_p_adj
52,53,1467.0,0.5705657651305617,-0.5636468951881196,0.5742431019632889,0.14187227866473148,0.5987190329129156,0.06458635703918723,-0.06458635703918714,-60.366661071777344,-60.68264216844972,-60.49342639629658,-60.60684377087424,0.1430978258857355,0.16430732545372712,threshold_v,0.8954647006146557
52,53,1150.0,0.14481605597704922,1.4750319866764967,0.14335532725046507,0.18759071117561685,0.25054365509198256,-0.16545718432510886,0.1654571843251088,-59.031517028808594,-58.81785930677365,-59.31087024395283,-58.9842962572594,0.14973708252541307,0.16741769161799572,upstroke_v,0.8688963358622953
52,53,1280.0,0.5320377043930908,0.6216471217491356,0.5355537196960674,0.16291727140783743,0.42302015456471986,-0.07111756168359942,0.0711175616835994,8.244483947753906,8.60844814805175,8.23744142972506,8.375078159087272,0.22777578254415565,0.24347449002939073,peak_v,0.8954647006146557
52,53,1333.0,0.7754837756408368,0.2860635676702944,0.7754107040471032,0.11103047895500726,0.8427407353134634,-0.03265602322206096,0.03265602322206096,-51.196128845214844,-51.49672028860243,-50.61717517559345,-50.45271188139183,0.44470099657749995,0.4687176787772844,downstroke_v,0.8954647006146557
52,53,1423.0,0.7754758470661554,-0.27690838557655945,0.7825982459895081,0.18650217706821481,0.25682354225934756,0.03265602322206096,-0.03265602322206096,-68.53011322021484,-68.63906322126071,-68.52864602895883,-68.55638554299537,0.07258260103374393,0.1326314695624838,trough_v,0.8954647006146557
52,53,1357.0,0.8954647006146557,0.13153112769888944,0.8956620771846869,0.14912917271407838,0.5177306588767143,-0.015239477503628448,0.015239477503628418,-66.04293060302734,-65.97108949340492,-65.97309229924129,-65.93885574372209,0.09049547458297616,0.1362266429912702,adp_v,0.8954647006146557
