n1,n2,MW_U,MW_p,BM_stat,BM_p,KS_D,KS_p,Cliffs_delta,Rank_biserial,x_median,y_median,x_mean,y_mean,x_sem,y_sem,feature,MW_p_adj
53,54,1380.0,0.7530179785520853,0.314932474168855,0.7534699957478633,0.11076170510132774,0.8351720337476141,-0.03563941299790356,0.03563941299790352,-55.811912536621094,-55.71219079774431,-55.86315903573666,-55.82805970604489,0.1426394095194501,0.1809435794010487,threshold_v,0.9036215742625023
53,54,1073.0,0.025912008054719108,2.2950720876987982,0.023818002414884742,0.23515024458420686,0.08106656500212213,-0.2501747030048917,0.25017470300489164,-54.560691833496094,-54.12578974501876,-54.738902973678876,-54.35478079695714,0.13053161106938116,0.14706002365879783,upstroke_v,0.15547204832831465
53,54,1436.0,0.9776312492076049,-0.030886606932728093,0.975419409240498,0.09783368273934312,0.9295903009730407,0.0034940600978336828,-0.0034940600978337066,13.630836486816406,13.66820266787979,13.68381039601452,13.607076514999372,0.22465404247524556,0.22401154132414344,peak_v,0.9776312492076049
53,54,1372.0,0.7154825886337254,0.3634100043621903,0.7170535359450941,0.13941299790356393,0.6084033377262248,-0.04122990915443746,0.04122990915443747,-45.420677185058594,-44.96678062101488,-45.78861553264114,-45.440656109995054,0.530738117829814,0.483377844737119,downstroke_v,0.9036215742625023
53,54,1683.0,0.11707957286360773,-1.5615136240443726,0.12199549592979295,0.2749825296995108,0.023555373956408474,0.1761006289308176,-0.17610062893081757,-63.914329528808594,-64.05426076627975,-63.961545404398215,-64.15511891811967,0.061392966026401576,0.10186865380554568,trough_v,0.35123871859082323
53,54,1327.0,0.5189885236589407,0.6346563408614964,0.5273521099464042,0.22117400419287211,0.10952281269634943,-0.0726764500349406,0.07267645003494061,-61.579734802246094,-61.396680158342065,-61.54374709219303,-61.429304740104634,0.07707732826935132,0.11980759922939002,adp_v,0.9036215742625023
