n1,n2,MW_U,MW_p,BM_stat,BM_p,KS_D,KS_p,Cliffs_delta,Rank_biserial,x_median,y_median,x_mean,y_mean,x_sem,y_sem,feature,MW_p_adj
52,53,1363.0,0.9259538111610126,0.09227708939284406,0.9267257706659819,0.22423802612481858,0.1064264811944507,-0.01088534107402032,0.010885341074020283,-49.56805419921875,-49.60076190354695,-49.59710458608774,-49.62481638219737,0.04746603481322009,0.09125844699472113,threshold_v,0.9259538111610125
52,53,1298.0,0.6103798868589445,0.5086941844541225,0.6120556953949035,0.11901306240928883,0.7979885295217877,-0.05805515239477504,0.05805515239477499,-47.85906982421875,-47.65460866303518,-47.32824002779447,-47.15338815356076,0.2407378172603766,0.2428401453789513,upstroke_v,0.9155698302884168
52,53,1557.0,0.2526025700740291,-1.1473157662687423,0.25391345296835005,0.1832365747460087,0.28397585289238503,0.12989840348330914,-0.12989840348330906,24.16241455078125,23.795518211060788,23.9561274601863,23.770031998672305,0.1362079834183751,0.12950623985378448,peak_v,0.7578077102220873
52,53,1244.0,0.39220604291924144,0.8567030388284194,0.3936074398744732,0.12119013062409288,0.7772962696958942,-0.09724238026124818,0.0972423802612482,-22.42266845703125,-22.49692043456637,-22.75660118689904,-22.421006337489644,0.2719479978248068,0.2688291830594563,downstroke_v,0.784412085838483
52,53,1362.0,0.9208589157931735,0.09296531449315286,0.926241733451412,0.3203918722786647,0.005578029641769654,-0.011611030478955007,0.011611030478954953,-53.3751220703125,-53.36838559516053,-53.39331524188702,-53.42325742425379,0.03967568064351469,0.09789161036846153,trough_v,0.9259538111610125
52,53,1135.0,0.12011693425774496,1.479874258033931,0.14327192294978577,0.37554426705370103,0.0006040000777110569,-0.17634252539912917,0.1763425253991292,-51.94842529296875,-51.65804797798548,-51.9261239858774,-51.7896944048381,0.056465327743101826,0.09958548795299935,adp_v,0.7207016055464698
