n1,n2,MW_U,MW_p,BM_stat,BM_p,KS_D,KS_p,Cliffs_delta,Rank_biserial,x_median,y_median,x_mean,y_mean,x_sem,y_sem,feature,MW_p_adj
59,60,2020.0,0.18479915817952952,-1.284273722579612,0.2025844816873899,0.26384180790960454,0.021782503571317932,0.14124293785310735,-0.14124293785310726,-50.0029296875,-50.24210807360966,-50.04534394862288,-50.239861207209245,0.0656995081134745,0.1152063691084088,threshold_v,0.36959831635905904
59,60,1764.0,0.9766793410741027,0.03141041980340349,0.9749965324543856,0.14915254237288136,0.4435514494144761,-0.003389830508474576,0.003389830508474523,-47.775146484375,-47.545191771630584,-47.341176178495765,-47.322016495940645,0.22155530068847581,0.23346479653878469,upstroke_v,0.9766793410741027
59,60,1491.0,0.13881278076934142,1.4913960436058387,0.13869667223817203,0.18163841807909606,0.22421864811174994,-0.1576271186440678,0.15762711864406775,23.91064453125,24.465223586382812,23.995731677039196,24.23267193015713,0.12647990616681584,0.1367830739880959,peak_v,0.36959831635905904
59,60,1660.0,0.5605719679304655,0.5808930705699633,0.5624348956923615,0.12824858757062146,0.6398877593819444,-0.062146892655367235,0.062146892655367214,-22.78125,-22.618958045809453,-23.156254137976696,-22.969583182537985,0.23930604844453662,0.24823522329738273,downstroke_v,0.7886130894443504
59,60,1854.0,0.6571775745369587,-0.4323872511386908,0.6665349511167743,0.19661016949152543,0.1585376938913323,0.04745762711864407,-0.047457627118643986,-53.7718505859375,-53.83073484965896,-53.75478143207098,-53.78423117457276,0.050599724704067636,0.09736870320608665,trough_v,0.7886130894443504
59,60,1412.0,0.057411849391770776,1.847165106719196,0.06832165991384362,0.3152542372881356,0.003205445851040427,-0.20225988700564973,0.20225988700564967,-52.352783203125,-52.0719283880977,-52.33261056673729,-52.15777996175032,0.055672149929110994,0.0964463392529598,adp_v,0.3444710963506247
