n1,n2,MW_U,MW_p,BM_stat,BM_p,KS_D,KS_p,Cliffs_delta,Rank_biserial,x_median,y_median,x_mean,y_mean,x_sem,y_sem,feature,MW_p_adj
64,65,2214.0,0.5294261551686334,-0.613350240041685,0.5410560178002424,0.19783653846153845,0.12411764371795682,0.06442307692307692,-0.06442307692307692,-49.4993896484375,-49.57681030399614,-49.553510665893555,-49.628867836039724,0.049981858226479894,0.07944900751189365,threshold_v,0.8963301001898708
64,65,2079.0,0.9981207534278439,0.004677853979100816,0.9962750225875026,0.090625,0.9159650661909804,-0.0004807692307692308,0.00048076923076922906,-47.17242431640625,-47.0982799461243,-46.97286796569824,-46.990221206701456,0.21547554580843603,0.22438676192818505,upstroke_v,0.9981207534278439
64,65,1930.0,0.481278351987634,0.703584364241865,0.48300333359406533,0.11514423076923076,0.7268517631431181,-0.07211538461538461,0.07211538461538458,24.17767333984375,24.287906026361224,23.996713638305664,24.135871160790373,0.11928603941095402,0.10964718335644354,peak_v,0.8963301001898708
64,65,2011.0,0.7469417501582257,0.3226319836294149,0.7475049649648664,0.09807692307692308,0.8744322126854339,-0.03317307692307692,0.033173076923076916,-22.40740966796875,-22.14048417999558,-22.42886734008789,-22.362196373258318,0.23440546191445066,0.2317109204199833,downstroke_v,0.8963301001898708
64,65,2226.0,0.493081596375895,-0.6666081329568869,0.5066240244644487,0.19951923076923078,0.11944151531109778,0.07019230769230769,-0.07019230769230766,-53.390380859375,-53.4996334763815,-53.419944763183594,-53.44402525491977,0.046116803047707544,0.08362336868500275,trough_v,0.8963301001898708
64,65,1980.0,0.6392655070475766,0.4594701125016919,0.6468042086255921,0.2125,0.0826572949102746,-0.04807692307692308,0.04807692307692313,-51.9560546875,-51.84538272670745,-51.89859580993652,-51.8830895907473,0.07048940577859135,0.10312718583826913,adp_v,0.8963301001898708
