n1,n2,MW_U,MW_p,BM_stat,BM_p,KS_D,KS_p,Cliffs_delta,Rank_biserial,x_median,y_median,x_mean,y_mean,x_sem,y_sem,feature,MW_p_adj
59,60,1774.0,0.9851578474608773,-0.020531071745060005,0.9836654626442923,0.19915254237288135,0.14678820245446536,0.0022598870056497176,-0.002259887005649608,-50.2623291015625,-50.29526700340571,-50.239828853283896,-50.2305858375846,0.0543924194941134,0.09192232235387292,threshold_v,0.9851578474608772
59,60,1729.0,0.8295666636677971,0.21494393014336807,0.8301877252507222,0.14209039548022598,0.5230738464265616,-0.023163841807909605,0.023163841807909646,-48.1871337890625,-47.345255366693095,-47.39160776946504,-47.27686172286773,0.23515979621163963,0.24022767117516441,upstroke_v,0.9851578474608772
59,60,1822.0,0.7842938915310352,-0.2740163989782008,0.7845680302523668,0.11638418079096045,0.7410764354272811,0.02937853107344633,-0.029378531073446235,24.337890625,24.210837363388446,24.13719875529661,24.05642614293289,0.11440289908149279,0.12867751693044224,peak_v,0.9851578474608772
59,60,1690.0,0.6726309183017933,0.4214842271470462,0.674192420722755,0.13615819209039548,0.5830406046982985,-0.04519774011299435,0.04519774011299438,-23.26953125,-22.971080860470636,-23.303669557733052,-23.110929995735926,0.23787023154324194,0.22524667925090716,downstroke_v,0.9851578474608772
59,60,1605.0,0.38192277376800554,0.8163434307803311,0.417007809490078,0.29915254237288136,0.006116906282433032,-0.09322033898305085,0.09322033898305082,-53.8939208984375,-53.8107715556407,-53.932197182865465,-53.874234019440216,0.0426897715773048,0.08915565150201187,trough_v,0.9851578474608772
59,60,1503.0,0.15662411218310796,1.3786898286245983,0.171395775797315,0.280225988700565,0.012439651144120307,-0.15084745762711865,0.1508474576271186,-52.6121826171875,-52.441020580579625,-52.50071586996822,-52.36318054904909,0.06068103450891056,0.09497680364501626,adp_v,0.9397446730986477
