n1,n2,MW_U,MW_p,BM_stat,BM_p,KS_D,KS_p,Cliffs_delta,Rank_biserial,x_median,y_median,x_mean,y_mean,x_sem,y_sem,feature,MW_p_adj
76,78,3297.0,0.22950142132489892,-1.159842289507162,0.24865944275178248,0.27800269905533065,0.0037374384920461734,0.11234817813765183,-0.11234817813765186,-60.1119384765625,-60.272269156987726,-60.1472746196546,-60.2520732484092,0.045476644327881906,0.08526164614612415,threshold_v,0.5361868478123313
76,78,2979.0,0.9582091263061645,-0.05392931726490001,0.9570622948622871,0.06376518218623482,0.9922446596666122,0.005060728744939271,-0.005060728744939347,-56.25146484375,-56.31599446231046,-55.98403448807566,-56.02027699135891,0.27336671722204936,0.28158038944008157,upstroke_v,0.9582091263061644
76,78,2712.0,0.363400488930957,0.9067873403526567,0.36597294593079066,0.1194331983805668,0.590356490033128,-0.08502024291497975,0.08502024291497978,7.88885498046875,8.054510809802736,7.7519274259868425,7.8528273750932955,0.0809735327920935,0.07768599254997131,peak_v,0.5361868478123313
76,78,3175.0,0.44682237317694273,-0.7614612662674858,0.4475666166808834,0.10964912280701754,0.6890613488844102,0.07118758434547909,-0.071187584345479,-33.2259521484375,-33.37768260445925,-33.28518034282484,-33.55765085046774,0.23486050280625984,0.24235078599098478,downstroke_v,0.5361868478123313
76,78,2619.0,0.21312817317482702,1.1795594441009918,0.2411125671022767,0.30465587044534415,0.0010743318391450102,-0.11639676113360324,0.1163967611336032,-63.91900634765625,-63.81162971682282,-63.94329994603207,-63.86908753428516,0.03895927647352279,0.0910642998777159,trough_v,0.5361868478123313
76,78,3184.0,0.42762484739203743,-0.7751677165140778,0.4397512100269969,0.22705802968960864,0.030240710084230276,0.07422402159244265,-0.07422402159244257,-62.3092041015625,-62.28596502573815,-62.21865523488898,-62.35000482728233,0.07046143701967676,0.10771742358374113,adp_v,0.5361868478123313
