n1,n2,MW_U,MW_p,BM_stat,BM_p,KS_D,KS_p,Cliffs_delta,Rank_biserial,x_median,y_median,x_mean,y_mean,x_sem,y_sem,feature,MW_p_adj
68,69,2742.0,0.08862854738978336,-1.6559740864834496,0.10097657832452164,0.289002557544757,0.0041556845503243865,0.16879795396419436,-0.1687979539641944,-60.432373046875,-60.64784411409671,-60.44022683536305,-60.61139808762742,0.050940319900631595,0.08789220449081508,threshold_v,0.45686020227160806
68,69,2247.0,0.6715348643538596,0.4234692735753931,0.6726422401968473,0.09249786871270248,0.8944217163461343,-0.04219948849104859,0.0421994884910486,-56.06072998046875,-56.25194802757927,-55.783379049862134,-55.57398425865205,0.3032276244089919,0.28051843386484027,upstroke_v,0.8747072562825497
68,69,2265.0,0.7289227135687915,0.34645555571724196,0.7295410304166088,0.12233589087809037,0.6268666774509299,-0.034526854219948847,0.03452685421994883,7.56842041015625,7.5864232422749955,7.436252369600184,7.494609710169625,0.08930727588950112,0.08850428994128799,peak_v,0.8747072562825497
68,69,2344.0,0.9948476910072901,0.008554793000417957,0.9931870319117991,0.10059676044330776,0.8192482385152554,-0.0008525149190110827,0.0008525149190110604,-32.83685302734375,-32.66628166033356,-32.966103946461395,-32.96606710992286,0.23825339511431967,0.2498101594154873,downstroke_v,0.9948476910072901
68,69,2679.0,0.15228673409053603,-1.3355279348247289,0.18552344174025479,0.4053708439897698,1.0818440000281358e-05,0.14194373401534527,-0.14194373401534532,-64.369140625,-64.45848243310004,-64.34535486557904,-64.52006338076366,0.034658212939916826,0.09222664827862952,trough_v,0.45686020227160806
68,69,2143.0,0.3833313663678156,0.8501386163060959,0.3971326507468458,0.20098039215686275,0.09634329003509792,-0.08653026427962489,0.08653026427962485,-62.71356201171875,-62.53758954649962,-62.60989200367647,-62.49664170593528,0.07773574028326197,0.11289630767284363,adp_v,0.7666627327356311
