n1,n2,MW_U,MW_p,BM_stat,BM_p,KS_D,KS_p,Cliffs_delta,Rank_biserial,x_median,y_median,x_mean,y_mean,x_sem,y_sem,feature,MW_p_adj
69,70,2849.0,0.06781577079993316,-1.7944740996797879,0.07562706010813959,0.24202898550724639,0.024213467665186422,0.17971014492753623,-0.17971014492753623,-60.3560791015625,-60.70691820387765,-60.43436332370924,-60.6652786425135,0.06544951131710346,0.11000243540589862,threshold_v,0.4068946247995989
69,70,2063.0,0.13867582876742518,1.4881881096622933,0.13902673955408562,0.16728778467908903,0.2391121660134901,-0.14575569358178053,0.14575569358178053,-56.25146484375,-54.557034912122795,-55.89830127660779,-55.2114828654915,0.32103321194998063,0.3396541478061888,upstroke_v,0.41602748630227554
69,70,2305.0,0.6445898866465981,0.4607440350351558,0.645719828102367,0.09730848861283643,0.8448687955934711,-0.045548654244306416,0.04554865424430643,6.950439453125,6.900380848177875,6.926556131114131,7.025474592641339,0.09271046250687853,0.09616660032499606,peak_v,0.7844250505888339
69,70,2308.0,0.6536875421573616,0.4479116577418937,0.6549314974088796,0.09461697722567287,0.8696349663589813,-0.0443064182194617,0.044306418219461685,-33.2564697265625,-32.93006115020937,-33.124226888020836,-33.0098670790624,0.23559133911049682,0.21824096790117595,downstroke_v,0.7844250505888339
69,70,2611.0,0.4101789479391461,-0.8143588544217549,0.4170976410490582,0.18426501035196688,0.14905157134399227,0.08115942028985507,-0.08115942028985512,-64.4912109375,-64.548122150968,-64.50846000339673,-64.59153215691664,0.06022399091658953,0.09550250104691627,trough_v,0.7844250505888339
69,70,2400.0,0.9512915096527275,0.06239626077811302,0.9503470905710283,0.12691511387163562,0.5543579228993997,-0.006211180124223602,0.006211180124223614,-62.934814453125,-62.94462593973189,-62.92751677139945,-62.9648320384819,0.08718085892777705,0.11261278980482112,adp_v,0.9512915096527275
