n1,n2,MW_U,MW_p,BM_stat,BM_p,KS_D,KS_p,Cliffs_delta,Rank_biserial,x_median,y_median,x_mean,y_mean,x_sem,y_sem,feature,MW_p_adj
59,60,1737.0,0.8628573640711413,0.17353730552709243,0.8625289919975392,0.09943502824858758,0.8801621705573738,-0.01864406779661017,0.01864406779661021,-67.626953125,-67.08854554991689,-65.80872616525424,-65.58520721100977,0.528480467120819,0.5193842862178218,threshold_v,0.9470290763353167
59,60,1872.0,0.589563078218704,-0.540325014005987,0.5900002630880579,0.0940677966101695,0.9189984162081071,0.0576271186440678,-0.057627118644067776,-56.201171875,-57.197905649633164,-56.254965572033896,-56.79549278277976,0.7163292789726841,0.7276229485928428,upstroke_v,0.9470290763353167
59,60,1856.0,0.6495206721433697,-0.45318018793909437,0.651291910455192,0.1211864406779661,0.720584298952252,0.04858757062146893,-0.0485875706214689,-6.591796875,-6.758514534824135,-8.84864936440678,-9.09509149004266,0.7773771605188802,0.7349240871376319,peak_v,0.9470290763353167
59,60,1807.0,0.8461765783154794,-0.19558582929635215,0.8452739947198646,0.07570621468926554,0.9866532849650153,0.020903954802259886,-0.020903954802259817,-33.0078125,-33.385483062930135,-33.97030587923729,-34.124483589660166,0.39906492305846275,0.4098395415532374,downstroke_v,0.9470290763353167
59,60,1757.0,0.9470290763353166,0.06845346612649585,0.9455433890812929,0.1115819209039548,0.7909866600464789,-0.007344632768361582,0.007344632768361614,-68.115234375,-67.7980230343213,-67.42750264830508,-67.48668865928478,0.7666160113237686,0.8313758257280333,trough_v,0.9470290763353167
59,60,1901.0,0.4879271007717543,-0.6850488831672835,0.49484167385114053,0.1788135593220339,0.24624789550421763,0.07401129943502825,-0.07401129943502816,-70.93505859375,-70.89867018341195,-70.79871226165254,-70.93775914607694,0.11971230519079615,0.15039929767800922,adp_v,0.9470290763353167
