n1,n2,MW_U,MW_p,BM_stat,BM_p,KS_D,KS_p,Cliffs_delta,Rank_biserial,x_median,y_median,x_mean,y_mean,x_sem,y_sem,feature,MW_p_adj
116,118,7218.0,0.47065903885172977,-0.7209926425864188,0.47164395627962175,0.08401519579193455,0.7524927279741817,0.05464640561075394,-0.054646405610753845,-65.9912109375,-65.98755221368599,-64.9658203125,-65.41229281613963,0.38516574930978037,0.36687506376843065,threshold_v,0.7653880849368102
116,118,7130.0,0.5813355099907839,-0.5505305279830726,0.5824956661090692,0.08094681472822911,0.7961222760374241,0.04178842781998831,-0.04178842781998826,-54.98046875,-55.18638665314622,-55.19809065193966,-55.51681907445136,0.4438194543889366,0.4049705169136825,upstroke_v,0.7653880849368102
116,118,6611.0,0.6533825409247935,0.44781219097233005,0.654711055436233,0.09906487434248977,0.5639086017838375,-0.034044418468731734,0.03404441846873174,-13.8427734375,-13.121777085385837,-15.89313375538793,-15.361904199402709,0.6190482127056408,0.5854603858710564,peak_v,0.7653880849368102
116,118,6999.0,0.7653880849368102,-0.297938199300283,0.7660181485221461,0.09219754529514904,0.6479405619897705,0.022647574517825834,-0.02264757451782584,-34.08203125,-34.41439139293235,-35.116682381465516,-35.14885274317229,0.33603243348111866,0.3260735126717105,downstroke_v,0.7653880849368102
116,118,6388.0,0.3789741777639154,0.874602252503658,0.3827695937543547,0.1326709526592636,0.22549770399716643,-0.06662770309760374,0.06662770309760369,-66.2109375,-65.35478964661316,-65.86114291487068,-65.29268557459474,0.5309567926099452,0.6082456695342094,trough_v,0.7653880849368102
116,118,6042.0,0.12154590194681704,1.5399986904587475,0.12500485411751588,0.18322618351841027,0.032833024778026666,-0.11718293395675043,0.11718293395675039,-69.560546875,-69.29047341006543,-69.53566978717673,-69.32194092964025,0.09858736157595689,0.11722867844122069,adp_v,0.7292754116809023
