n1,n2,MW_U,MW_p,BM_stat,BM_p,KS_D,KS_p,Cliffs_delta,Rank_biserial,x_median,y_median,x_mean,y_mean,x_sem,y_sem,feature,MW_p_adj
237,241,29486.0,0.539247575484594,-0.6105636932167483,0.5417997205987521,0.12231034543130767,0.04974466243516352,0.03247719593115885,-0.03247719593115894,-66.407421875,-66.40069655947843,-66.3571515690928,-66.35102054275858,0.0630242571649263,0.08814479020171985,threshold_v,0.9255991378429077
237,241,29194.0,0.674085166627676,-0.4199477231260946,0.6747141414897403,0.05700579512229284,0.8004823672165978,0.02225256928760264,-0.022252569287602553,-53.321484375,-53.34776346698006,-53.83325257120253,-53.93027976901405,0.2273130428167524,0.22251195521357556,upstroke_v,0.9255991378429077
237,241,27130.0,0.3442807671178715,0.9446815760523711,0.3453073818311245,0.08479086786771015,0.32977555318204343,-0.05002013411068509,0.050020134110685066,-11.378125,-11.307988764766094,-11.491645239978904,-11.272018677839633,0.13907532976751932,0.11757424410989405,peak_v,0.9255991378429077
237,241,28390.0,0.911407528260128,0.11139850847468526,0.9113475292077144,0.05656809706392142,0.8085695484275741,-0.005900169826846648,0.005900169826846602,-42.188671875,-42.557564122988644,-42.12871835443039,-42.11275084747642,0.176880084838681,0.18500112561092083,downstroke_v,0.9255991378429077
237,241,28700.0,0.9255991378429077,-0.09305640968388537,0.9258993282467998,0.11865118966332265,0.061647744557021454,0.004954742020764396,-0.004954742020764291,-68.946484375,-68.85246039810455,-68.50867945675101,-68.495834824042,0.09415198824406475,0.10321248599627408,trough_v,0.9255991378429077
237,241,25605.0,0.05049825086911308,1.940260655720983,0.053031675051784306,0.16662289686082954,0.0022026292364622007,-0.10341929723199748,0.1034192972319975,-65.46341145833333,-65.3756550093735,-65.54448262790083,-65.37579656781459,0.05629985274665229,0.07642070686786616,adp_v,0.3029895052146785
