n1,n2,MW_U,MW_p,BM_stat,BM_p,KS_D,KS_p,Cliffs_delta,Rank_biserial,x_median,y_median,x_mean,y_mean,x_sem,y_sem,feature,MW_p_adj
299,304,45301.0,0.9453937011608792,0.06847843769475863,0.9454280072497596,0.0790463826791058,0.28165293562052224,-0.003234465763069882,0.0032344657630698492,-65.4296875,-65.60649998979076,-65.44079222408027,-65.39234282154011,0.08638039337496857,0.0999091494555413,threshold_v,0.9453937011608792
299,304,46789.0,0.5308406134900986,-0.6247932876866438,0.5323512153512638,0.09324942791762014,0.13294783528070092,0.02950624889984158,-0.02950624889984166,-61.71875,-61.82039203167415,-61.5997008256689,-61.660188237424386,0.07073586994585701,0.07281027684511625,upstroke_v,0.9453937011608792
299,304,45005.0,0.8361047427654722,0.20675692859029315,0.8362699282823051,0.0506402922020771,0.8073955159514185,-0.009747403626122161,0.009747403626122142,1.123046875,1.3354644739788708,0.7863124477424749,0.8042016100006305,0.15259219279690245,0.15478570731210078,peak_v,0.9453937011608792
299,304,45862.0,0.8467083293098557,-0.19329911741317962,0.8467900342626143,0.036250220031684564,0.9824892189878282,0.009109311740890687,-0.009109311740890691,-54.4921875,-54.492675448295344,-54.013867840719065,-54.063850626941246,0.18237081723434118,0.18535647784792017,downstroke_v,0.9453937011608792
299,304,45956.0,0.8124495344399131,-0.23696146814557933,0.8127674364126383,0.05664715719063545,0.687669794302362,0.011177609575778912,-0.011177609575778957,-71.6796875,-71.55537708215599,-70.39072298285953,-70.54948168641442,0.23378570204053706,0.22890644298486873,trough_v,0.9453937011608792
299,304,44774.0,0.7528552317113739,0.31446099531562505,0.7532817658461051,0.07417268086604471,0.35298677232997483,-0.01483013553951769,0.01483013553951773,-64.24153645833333,-64.1864172108393,-65.09156498223244,-65.22043491324915,0.1650094132458332,0.19177784359075603,adp_v,0.9453937011608792
