n1,n2,MW_U,MW_p,BM_stat,BM_p,KS_D,KS_p,Cliffs_delta,Rank_biserial,x_median,y_median,x_mean,y_mean,x_sem,y_sem,feature,MW_p_adj
54,55,1627.0,0.39105541831895496,-0.8130187777377686,0.41904397766072743,0.3265993265993266,0.003534811838945109,0.09562289562289562,-0.09562289562289572,-64.28046875,-64.38226159755975,-64.30307436342595,-64.40971328688207,0.06696757979342274,0.14348583143389057,threshold_v,0.5917002286303581
54,55,1427.0,0.727472453325258,0.3487793021556436,0.7279439488896242,0.11818181818181818,0.7815168611247986,-0.039057239057239054,0.03905723905723901,-56.223828125,-56.213739671345564,-56.20031828703706,-56.01646222322018,0.3979809176607805,0.3999619759136887,upstroke_v,0.727472453325258
54,55,1626.0,0.39443504832839305,-0.8498075220845908,0.39735776464636985,0.1744107744107744,0.32551782148117775,0.09494949494949495,-0.0949494949494949,-1.5363281249999998,-1.6919860934329136,-1.491116898148148,-1.5941070097988466,0.0880271180712832,0.09888741486371613,peak_v,0.5917002286303581
54,55,1424.0,0.7138657723041444,0.3676329947423835,0.7138799102101379,0.09427609427609428,0.9426854346513636,-0.04107744107744108,0.041077441077441046,-39.2072265625,-38.54291623344456,-38.97845775462964,-38.79469384258863,0.39326069619569093,0.37634003804324906,downstroke_v,0.727472453325258
54,55,1714.0,0.16600851752229973,-1.2943044294306418,0.2002859664786813,0.3632996632996633,0.0008009036290485025,0.1542087542087542,-0.15420875420875424,-68.675,-68.98934935087316,-68.72201967592595,-68.87463793109349,0.041444963610034476,0.10965672192478379,trough_v,0.5917002286303581
54,55,1344.0,0.3944668190869054,0.8433900279577228,0.4011473692135976,0.1632996632996633,0.3850674267040815,-0.09494949494949495,0.0949494949494949,-65.04951171875,-64.88061191297278,-65.04725115740743,-64.9495397053519,0.09941844956669554,0.14729913409643183,adp_v,0.5917002286303581
