n1,n2,MW_U,MW_p,BM_stat,BM_p,KS_D,KS_p,Cliffs_delta,Rank_biserial,x_median,y_median,x_mean,y_mean,x_sem,y_sem,feature,MW_p_adj
54,55,1688.0,0.21966347755330462,-1.212723259071702,0.22849070810272099,0.21481481481481482,0.12412876315532186,0.1367003367003367,-0.13670033670033677,-66.259765625,-66.49414543557442,-66.27875434027777,-66.47463642971401,0.07491402551824275,0.1259062385755462,threshold_v,0.43932695510660924
54,55,1244.0,0.1449500648758067,1.467471714424643,0.14530561627382552,0.19461279461279463,0.20758555352451347,-0.1622895622895623,0.16228956228956226,-57.568359375,-56.05599606927372,-57.3486328125,-56.31478455082401,0.4693854232841721,0.5229412792402427,upstroke_v,0.43932695510660924
54,55,1447.0,0.8201985764488462,0.2284337347646008,0.8197454475593833,0.10336700336700337,0.8867361480424292,-0.02558922558922559,0.025589225589225606,-5.5419921875,-5.516780823038697,-5.451569733796297,-5.449062423941084,0.09068693644796998,0.09044578746754665,peak_v,0.8201985764488461
54,55,1381.0,0.5304747628256642,0.6246570998741019,0.533528493777454,0.12255892255892256,0.7367395013191335,-0.07003367003367003,0.07003367003367,-40.13671875,-39.36660224866828,-40.06890190972222,-39.79794255068929,0.39815393629992624,0.4004701044003049,downstroke_v,0.6654799881100913
54,55,1718.0,0.15871755269989773,-1.3114567455010897,0.19441352381838703,0.34276094276094277,0.001852421455884532,0.1569023569023569,-0.15690235690235688,-70.3857421875,-70.68502531936568,-70.42733651620371,-70.65329400012192,0.049776997876941856,0.11492097473593295,trough_v,0.43932695510660924
54,55,1387.0,0.5545666567584094,0.5859486504450289,0.5592998673749902,0.1606060606060606,0.4069885428199088,-0.06599326599326599,0.06599326599326605,-67.3828125,-67.26975873380188,-67.57767288773148,-67.47691773223362,0.1265131291283071,0.1559826611512328,adp_v,0.6654799881100913
