n1,n2,MW_U,MW_p,BM_stat,BM_p,KS_D,KS_p,Cliffs_delta,Rank_biserial,x_median,y_median,x_mean,y_mean,x_sem,y_sem,feature,MW_p_adj
299,304,41143.0,0.04416857467955464,2.0046500416611455,0.04546149435530778,0.15255896849146278,0.001526930461408535,-0.0947236402041894,0.09472364020418944,-66.45625,-66.20905690832684,-66.24362719481604,-66.05663984820653,0.06063413593204772,0.07148766579639133,threshold_v,0.2650114480773278
299,304,46669.0,0.56826408837763,-0.570217260246462,0.5687438623373764,0.05968359443759901,0.624591739926328,0.026865868685090652,-0.026865868685090666,-60.157421875,-60.542604875396854,-59.73266617892977,-59.861627744773706,0.18272688507053686,0.18720720268607483,upstroke_v,0.6108246246113054
299,304,46966.0,0.4780318506850997,-0.7083432746480443,0.4790108345987212,0.06873789825734906,0.4462099806467898,0.03340080971659919,-0.0334008097165992,-7.813671875,-7.918594654170856,-8.475546091137122,-8.6812868766075,0.11766356007449616,0.12573045068369726,peak_v,0.6108246246113054
299,304,43918.0,0.47456174414221186,0.7145158912750975,0.47518682680137925,0.07213738778384088,0.38665033302936724,-0.03366484773807428,0.03366484773807432,-43.165234375,-42.98607749444406,-43.19462923285954,-43.06532173418726,0.11531853459867587,0.12207953625496408,downstroke_v,0.6108246246113054
299,304,46637.0,0.5784485734542935,-0.5545381382375508,0.5794192143777097,0.07784720999823974,0.29795062778412595,0.026161767294490407,-0.02616176729449049,-70.26484375,-70.29517163578274,-69.40994330058527,-69.52893668359346,0.1472260209457973,0.15298649126002709,trough_v,0.6108246246113054
299,304,44359.0,0.6108246246113054,0.5077911687064822,0.6117892792126811,0.09177521563105087,0.14469161321969912,-0.023961450448864635,0.023961450448864663,-66.73701171875,-66.47730976678,-66.69173547240803,-66.61681831777707,0.09300305370127679,0.10349639804586974,adp_v,0.6108246246113054
