n1,n2,MW_U,MW_p,BM_stat,BM_p,KS_D,KS_p,Cliffs_delta,Rank_biserial,x_median,y_median,x_mean,y_mean,x_sem,y_sem,feature,MW_p_adj
238,242,30007.0,0.42639297689097655,-0.7929902898928175,0.428187931803803,0.11410514619070769,0.07876814648385559,0.04198208208903396,-0.04198208208903398,-65.305859375,-65.3273983852664,-64.94949612657562,-65.08397244069926,0.10418002516202857,0.10816314357883602,threshold_v,0.7269768140950882
238,242,28200.0,0.6941399904935018,0.39309404686084587,0.6944255335326663,0.042641850128481144,0.9718448481704566,-0.020765330925758732,0.020765330925758718,-53.2697265625,-53.285849836452535,-53.209614627100834,-53.0377141932397,0.25748749092431394,0.25494308449321856,upstroke_v,0.7269768140950882
238,242,29329.0,0.7269768140950881,-0.3489136614999379,0.7273089147399305,0.05361483436349747,0.8524813531414935,0.018438780470866032,-0.018438780470866112,-10.3498046875,-10.436934784785159,-12.297595522584036,-12.530305010315846,0.25075134927306225,0.2639619261293449,peak_v,0.7269768140950882
238,242,30903.0,0.16602725926767425,-1.3876289939056436,0.1658980491381198,0.0880963955830266,0.28503423208262574,0.07309535384401694,-0.07309535384401689,-35.7892578125,-36.12132223129835,-35.74761029411766,-35.95611890161773,0.1012935901074999,0.10205724909749052,downstroke_v,0.7269768140950882
238,242,29777.0,0.5195711780999934,-0.6381753240391109,0.5236745047804621,0.13882908535314953,0.017090003603376123,0.033995416348357524,-0.033995416348357566,-67.9181640625,-67.5981305235058,-66.52430573792014,-66.69736174083849,0.16999316079925705,0.1761165616075871,trough_v,0.7269768140950882
238,242,29722.0,0.5433202053489481,-0.6019060118872569,0.5475467246084725,0.13021737620668103,0.03009239841831154,0.03208556149732621,-0.03208556149732611,-66.16848958333333,-66.10113654866413,-65.84645647321427,-65.98391449517366,0.09625901332688498,0.08789226570730121,adp_v,0.7269768140950882
