n1,n2,MW_U,MW_p,BM_stat,BM_p,KS_D,KS_p,Cliffs_delta,Rank_biserial,x_median,y_median,x_mean,y_mean,x_sem,y_sem,feature,MW_p_adj
167,169,14045.0,0.9409014704913276,0.07427672701460163,0.9408362395318424,0.10594196222938738,0.2715332138794497,-0.004712468554016228,0.0047124685540161915,-67.53046875,-67.50369805343736,-67.50824756736526,-67.50815249525508,0.06960382257695262,0.08426212343981551,threshold_v,0.9409014704913276
167,169,14673.0,0.528598882609103,-0.6290723312247363,0.5297332341659415,0.08018282960705807,0.611694249209712,0.03979024200120469,-0.03979024200120462,-63.868359375,-63.62218739100078,-63.40902413922157,-63.59623658195901,0.18070074515318169,0.1768559046235748,upstroke_v,0.9017130493026411
167,169,13436.0,0.44833242522542793,0.7562644672054947,0.45002525610045263,0.10739467809942246,0.2601725034193489,-0.04786875952237537,0.04786875952237535,-2.39375,-1.917534572711464,-2.54315821482036,-2.4143476985827883,0.13411448869563364,0.1396757139371671,peak_v,0.9017130493026411
167,169,14394.0,0.7514275410855342,-0.3166022552361736,0.7517433061735194,0.05056159869609893,0.9711130766099009,0.020019133330971193,-0.02001913333097116,-44.727734375,-44.75771219230489,-44.53797717065869,-44.58687779577827,0.16065340149295262,0.16406746131980443,downstroke_v,0.9017130493026411
167,169,14475.0,0.6834631458323736,-0.4059062992899103,0.685083640561658,0.10831591255359105,0.2530222936015142,0.025759132622329307,-0.025759132622329206,-69.727734375,-69.94521733248233,-70.00462200598801,-70.14000929294905,0.15443952378730555,0.17600792108908253,trough_v,0.9017130493026411
167,169,16502.0,0.007261915958099429,-2.7113830757221438,0.007077559550233331,0.1762392375013287,0.009137626979261128,0.1694008432838465,-0.16940084328384653,-67.1642578125,-67.480679471106,-67.23472235217068,-67.54944261026132,0.06057120400394811,0.08998930117858686,adp_v,0.043571495748596575
