n1,n2,MW_U,MW_p,BM_stat,BM_p,KS_D,KS_p,Cliffs_delta,Rank_biserial,x_median,y_median,x_mean,y_mean,x_sem,y_sem,feature,MW_p_adj
90,92,4223.0,0.8163912932278861,-0.22690758651775936,0.8208206733062834,0.18188405797101448,0.08312036539993349,0.02004830917874396,-0.020048309178744006,-67.503125,-67.54295530526734,-67.55358072916665,-67.61357912783906,0.07062794081736593,0.11504025403237764,threshold_v,0.8163912932278862
90,92,4311.0,0.6313563673832135,-0.479671221881222,0.6320509129432907,0.09710144927536232,0.7259032604467002,0.041304347826086954,-0.04130434782608705,-58.81171875,-59.07479438838722,-58.52580295138889,-58.73970825796212,0.32065520440389644,0.34174532796738105,upstroke_v,0.8163912932278862
90,92,4572.0,0.22460254780520295,-1.217550448678313,0.22499119417530514,0.11280193236714976,0.5612158019659157,0.10434782608695652,-0.10434782608695659,-4.1974609375,-4.343227993035571,-4.195290798611111,-4.307381318526131,0.08317156284766272,0.08483298255757038,peak_v,0.6738076434156088
90,92,4047.0,0.7946223957272351,0.26033063519939315,0.7949083961971429,0.0782608695652174,0.9153144420809735,-0.02246376811594203,0.022463768115942084,-40.7697265625,-40.415607652635956,-40.3666232638889,-40.20944616064348,0.27023969470746956,0.280610188333744,downstroke_v,0.8163912932278862
90,92,3966.0,0.625348159226579,0.47476737868398455,0.6356597580618111,0.1929951690821256,0.05621294634927741,-0.042028985507246375,0.04202898550724643,-70.53046875,-70.23578459476077,-70.35685763888888,-70.27922779503224,0.08473141166145241,0.12095884979968133,trough_v,0.8163912932278862
90,92,4927.0,0.02686553876910064,-2.2098142292891585,0.02864308734091528,0.2683574879227053,0.0020521906983702867,0.19009661835748792,-0.19009661835748792,-67.161328125,-67.52298352945039,-67.17543402777777,-67.43386936677109,0.07546340059387271,0.10867470522846605,adp_v,0.16119323261460383
