n1,n2,MW_U,MW_p,BM_stat,BM_p,KS_D,KS_p,Cliffs_delta,Rank_biserial,x_median,y_median,x_mean,y_mean,x_sem,y_sem,feature,MW_p_adj
83,85,3324.0,0.5195507261446968,0.6445184414786269,0.5201348900706131,0.09298369950389794,0.8072780523970926,-0.057689581856839124,0.057689581856839145,-59.251562500000006,-59.16343892273931,-59.26568147590359,-59.06886086081368,0.16453587728358093,0.17932327834525028,threshold_v,0.7793260892170452
83,85,3868.0,0.28073600370365015,-1.0803689675237726,0.281596114943588,0.10744153082919915,0.6609800693371983,0.0965272856130404,-0.09652728561304036,-54.661718750000006,-54.9836035104339,-54.03813064759035,-54.625138355676484,0.3249034906760617,0.2647255788863826,upstroke_v,0.7793260892170452
83,85,3248.0,0.3760729007302551,0.8846782922109454,0.37764451240495744,0.11693834160170093,0.550747282752812,-0.07923458540042523,0.07923458540042527,-7.884375000000006,-7.7893921867903,-8.019681852409644,-7.791526984636807,0.20336693342700932,0.17653069659070292,peak_v,0.7793260892170452
83,85,3480.0,0.8814654162070522,0.1500052463010726,0.8809431489355877,0.05981573352232459,0.9944609134107151,-0.013465627214741318,0.013465627214741316,-36.302343750000006,-36.170387401022,-36.0081984186747,-35.941272686074136,0.22580786241462425,0.22689758075889843,downstroke_v,0.974690020083905
83,85,3795.0,0.396884626283573,-0.833917997036644,0.40575813519214066,0.22097802976612332,0.026678162431032586,0.07583274273564848,-0.07583274273564844,-66.0875,-66.10119000600243,-66.05573230421685,-66.25795616834951,0.09240873463119367,0.13102627160139949,trough_v,0.7793260892170452
83,85,3538.0,0.974690020083905,-0.03304018412271038,0.9736831040904752,0.1030474840538625,0.7047497593757377,0.00297661233167966,-0.0029766123316796733,-61.692968750000006,-61.521463788388466,-61.512951807228895,-61.540118239307134,0.12828619181935552,0.1508822933695761,adp_v,0.974690020083905
